property,varimp
elevation,9520.233478
nbi,9390.851298
B8,9510.07103
nbr_var_pct,9681.532079
slope,9346.363759
B1,9714.788758
nbi,9621.702874