property,varimp
elevation,11340.48815
B2,11007.12864
B5,11246.13394
msavi2,11280.10707
nbr_var_pct,11369.28451
slope,10711.58999
nbr,11148.40722